set_name,status
10th Edition,done
7th Edition,done
8th Edition,done
9th Edition,done
Aether Revolt,done
Alara Reborn,done
Alliances,done
Alpha Edition,done
Amonkhet,done
Anthologies,done
Antiquities,done
APAC Lands,done
Apocalypse,done
Arabian Nights,done
Archenemy,
Archenemy: Nicol Bolas,
Arena Promos,
Astral,
Avacyn Restored,
Battle for Zendikar,done
Battle Royale Box Set,
Beatdown Box Set,
Beta Edition,
Betrayers of Kamigawa,
Born of the Gods,
Box Sets,
Champions of Kamigawa,
Champs Promos,
Chronicles,
Classic Sixth Edition,
Coldsnap,
Coldsnap Theme Deck Reprints,
Collector's Edition,
Commander,
Commander 2013,
Commander 2014,
Commander 2015,
Commander 2016,
Commander Anthology,
Commander's Arsenal,
Conflux,
Conspiracy,
Conspiracy: Take the Crown,
Dark Ascension,
Darksteel,
Deckmasters Garfield vs Finkel,
Dissension,
Dragon's Maze,
Dragons of Tarkir,
Duel Decks,
Duel Decks: Ajani vs. Nicol Bolas,
Duel Decks: Anthology,
Duel Decks: Blessed vs. Cursed,
Duel Decks: Divine vs. Demonic,
Duel Decks: Elspeth vs. Kiora,
Duel Decks: Elspeth vs. Tezzeret,
Duel Decks: Elves vs. Goblins,
Duel Decks: Garruk vs. Liliana,
Duel Decks: Heroes vs. Monsters,
Duel Decks: Izzet vs. Golgari,
Duel Decks: Jace vs. Chandra,
Duel Decks: Jace vs. Vraska,
Duel Decks: Knights vs. Dragons,
Duel Decks: Mind vs. Might,
Duel Decks: Nissa vs. Ob Nixilis,
Duel Decks: Phyrexia vs. the Coalition,
Duel Decks: Sorin vs. Tibalt,
Duel Decks: Speed vs. Cunning,
Duel Decks: Venser vs. Koth,
Duel Decks: Zendikar vs. Eldrazi,
Duels of the Planeswalkers,
Eldritch Moon,
Eternal Masters,
European Lands,
Eventide,
Exodus,
Fallen Empires,
Fate Reforged,
Fifth Dawn,
Fifth Edition,
FNM Promos,
Fourth Edition,
Fourth Edition (Foreign Black Border),
Fourth Edition (Foreign White Border),
From the Vault: Angels,
From the Vault: Annihilation,
From the Vault: Dragons,
From the Vault: Exiled,
From the Vault: Legends,
From the Vault: Lore,
From the Vault: Realms,
From the Vault: Relics,
From the Vault: Twenty,
Future Sight,
Game Day Promos,
Gatecrash,
Grand Prix Promos,
Guildpact,
Guru Lands,
Hero's Path Promos,
Homelands,
Hour of Devastation,
Ice Age,
Innistrad,
International Edition,
Invasion,
Journey Into Nyx,
JSS/MSS Promos,
Judge Promos,
Judgment,
Kaladesh,
Khans of Tarkir,
Launch Party & Release Event Promos,
Legends,
Legions,
Lorwyn,
Magic 2010 (M10),
Magic 2011 (M11),
Magic 2012 (M12),
Magic 2013 (M13),
Magic 2014 (M14),
Magic 2015 (M15),
Magic Modern Event Deck,
Magic Origins,
Magic Player Rewards,
Magic Premiere Shop,
Masterpiece Series: Amonkhet Invocations,
Masterpiece Series: Kaladesh Inventions,
Media Promos,
Mercadian Masques,
Mirage,
Mirrodin,
Mirrodin Besieged,
Modern Masters,
Modern Masters 2015,
Modern Masters 2017,
Morningtide,
Nemesis,
New Phyrexia,
Oath of the Gatewatch,
Odyssey,
Onslaught,
Oversize Cards,
Planar Chaos,
Planechase,
Planechase 2012,
Planechase Anthology,
Planeshift,
Portal,
Portal Second Age,
Portal Three Kingdoms,
Premium Deck Series: Fire and Lightning,
Premium Deck Series: Graveborn,
Premium Deck Series: Slivers,
Prerelease Cards,
Pro Tour Promos,
Prophecy,
Ravnica,
Return to Ravnica,
Revised Edition,
Revised Edition (Foreign Black Border),
Revised Edition (Foreign White Border),
Rise of the Eldrazi,
Saviors of Kamigawa,
Scars of Mirrodin,
Scourge,
Shadowmoor,
Shadows over Innistrad,
Shards of Alara,
Special Occasion,
Starter 1999,
Starter 2000,
Stronghold,
Tarkir Dragonfury Promos,
Tempest,
The Dark,
Theros,
Time Spiral,
Timeshifted,
Torment,
Ugin's Fate Promos,
Unglued,
Unhinged,
Unique and Miscellaneous Promos,
Unlimited Edition,
Urza's Destiny,
Urza's Legacy,
Urza's Saga,
Vanguard,
Visions,
Weatherlight,
Welcome Deck 2016,
Welcome Deck 2017,
WMCQ Promo Cards,
Worldwake,
WPN & Gateway Promos,
Zendikar,
Zendikar Expeditions,
